phone_id,phone_name,phone_price,phone_brand,category,phone_img,phone_screen,phone_utility,phone_rating
329149,Điện thoại iPhone 16 Pro Max 256GB,31390000.0,iPhone (Apple),Điện thoại,https://cdn.tgdd.vn/Products/Images/42/329149/iphone-16-pro-max-thumb-600x600.jpg,"
                        Super Retina XDR
                        6.9""
            ","
            Chip Apple A18 Pro 6 nhân
            RAM: 8 GB
            Dung lượng: 256 GB
            Camera sau: Chính 48 MP & Phụ 48 MP, 12 MP
            Camera trước: 12 MP
            Pin 33 giờ,  Sạc 20 W
    ","
                
    
            
            4.9
    

                • Đã bán 98k
                

    
        
        So sánh
    

        "
333147,Điện thoại Xiaomi Redmi Note 14 8GB/128GB,5490000.0,Xiaomi,Điện thoại,https://cdn.tgdd.vn/Products/Images/42/333147/TimerThumb/xiaomi-redmi-note-14-8gb-128gb-(8).jpg,"
                        Full HD+
                        6.67""
            ","
            Chip MediaTek Helio G99-Ultra 8 nhân
            RAM: 8 GB
            Dung lượng: 128 GB
            Camera sau: Chính 108 MP & Phụ 2 MP, 2 MP
            Camera trước: 20 MP
            Pin 5500 mAh,  Sạc 33 W
    ","
                
    
            
            4.9
    

                • Đã bán 25,1k
                

    
        
        So sánh
    

        "
325800,Điện thoại Xiaomi Redmi 13 6GB/128GB,3290000.0,Xiaomi,Điện thoại,https://cdn.tgdd.vn/Products/Images/42/325800/redmi-13-blue-thumb-600x600.jpg,"
                        Full HD+
                        6.79""
            ","
            Chip MediaTek Helio G91 Ultra 8 nhân
            RAM: 6 GB
            Dung lượng: 128 GB
            Camera sau: Chính 108 MP & Phụ 2 MP
            Camera trước: 13 MP
            Pin 5030 mAh,  Sạc 33 W
    ","
                
    
            
            4.9
    

                • Đã bán 144,2k
                

    
        
        So sánh
    

        "
331204,Điện thoại Samsung Galaxy A16 5G 8GB/256GB,6490000.0,Samsung,Điện thoại,https://cdn.tgdd.vn/Products/Images/42/331204/TimerThumb/samsung-galaxy-a16-5g-(14).jpg,"
                        Full HD+
                        6.7""
            ","
            Chip MediaTek Dimensity 6300 5G 8 nhân
            RAM: 8 GB
            Dung lượng: 256 GB
            Camera sau: Chính 50 MP & Phụ 5 MP, 2 MP
            Camera trước: 13 MP
            Pin 5000 mAh,  Sạc 25 W
    ","
                
    
            
            4.9
    

                • Đã bán 35,1k
                

    
        
        So sánh
    

        "
332936,Điện thoại OPPO Reno13 F 5G 8GB/256GB,9990000.0,OPPO,Điện thoại,https://cdn.tgdd.vn/Products/Images/42/332936/oppo-reno13-f-5g-thumb-600x600.jpg,"
                        Full HD+
                        6.67""
            ","
            Chip Snapdragon 6 Gen 1 5G 8 nhân
            RAM: 8 GB
            Dung lượng: 256 GB
            Camera sau: Chính 50 MP & Phụ 8 MP, 2 MP
            Camera trước: 32 MP
            Pin 5800 mAh,  Sạc 45 W
    ","
                
    
            
            4.9
    

                • Đã bán 24,6k
                

    
        
        So sánh
    

        "
223602,Điện thoại iPhone 13 128GB,11990000.0,iPhone (Apple),Điện thoại,https://cdn.tgdd.vn/Products/Images/42/223602/iphone-13-midnight-2-600x600.jpg,"
                        Super Retina XDR
                        6.1""
            ","
            Chip Apple A15 Bionic
            RAM: 4 GB
            Dung lượng: 128 GB
            Camera sau: 2 camera 12 MP
            Camera trước: 12 MP
            Pin 3240 mAh,  Sạc 20 W
    ","
                
    
            
            4.9
    

                • Đã bán 170,6k
                

    
        
        So sánh
    

        "
323543,Điện thoại OPPO A60 8GB/128GB,5490000.0,OPPO,Điện thoại,https://cdn.tgdd.vn/Products/Images/42/323543/oppo-a60-blue-thumb-600x600.jpg,"
                        HD+
                        6.67""
            ","
            Chip Snapdragon 680
            RAM: 8 GB
            Dung lượng: 128 GB
            Camera sau: Chính 50 MP & Phụ 2 MP
            Camera trước: 8 MP
            Pin 5000 mAh,  Sạc 45 W
    ","
                
    
            
            4.9
    

                • Đã bán 192,8k
                

    
        
        So sánh
    

        "
328449,Điện thoại OPPO A3x 4GB/64GB,3490000.0,OPPO,Điện thoại,https://cdn.tgdd.vn/Products/Images/42/328449/TimerThumb/oppo-a3x-4gb-64gb-(14).jpg,"
                        HD+
                        6.67""
            ","
            Chip Snapdragon 6s Gen 1 8 nhân
            RAM: 4 GB
            Dung lượng: 64 GB
            Camera sau: Chính 8 MP & Cảm biến Flicker
            Camera trước: 5 MP
            Pin 5100 mAh,  Sạc 45 W
    ","
                
    
            
            4.9
    

                • Đã bán 117,5k
                

    
        
        So sánh
    

        "
334226,Điện thoại vivo Y29 8GB/128GB,6190000.0,vivo,Điện thoại,https://cdn.tgdd.vn/Products/Images/42/334226/TimerThumb/vivo-y29-8gb-128gb.jpg,"
                        HD+
                        6.68 ""
            ","
            Chip Snapdragon 685 8 nhân
            RAM: 8 GB
            Dung lượng: 128 GB
            Camera sau: Chính 50 MP & Phụ 2 MP
            Camera trước: 8 MP
            Pin 6500 mAh,  Sạc 44 W
    ","
                
    
            
            5
    

                

    
        
        So sánh
    

        "
334323,Điện thoại OPPO A5 Pro 8GB/256GB,6990000.0,OPPO,Điện thoại,https://cdn.tgdd.vn/Products/Images/42/334323/oppo-a5-pro-blue-thumbn-600x600.jpg,"
                        HD+
                        6.67""
            ","
            Chip Snapdragon 6s Gen 1 8 nhân
            RAM: 8 GB
            Dung lượng: 256 GB
            Camera sau: Chính 50 MP & Phụ 2 MP
            Camera trước: 8 MP
            Pin 5800 mAh,  Sạc 45 W
    ","
                
    
            
            5
    

                

    
        
        So sánh
    

        "
328752,Điện thoại Samsung Galaxy A06 4GB/64GB,2690000.0,Samsung,Điện thoại,https://cdn.tgdd.vn/Products/Images/42/328752/samsung-galaxy-a06-blue-thumb-1-600x600.jpg,"
                        HD+
                        6.7""
            ","
            Chip MediaTek Helio G85
            RAM: 4 GB
            Dung lượng: 64 GB
            Camera sau: Chính 50 MP & Phụ 2 MP
            Camera trước: 8 MP
            Pin 5000 mAh,  Sạc 25 W
    ","
                
    
            
            4.9
    

                • Đã bán 82,4k
                

    
        
        So sánh
    

        "
330028,Điện thoại Viettel Sumo 4G T2,550000.0,Viettel,Điện thoại,https://cdn.tgdd.vn/Products/Images/42/330028/viettel-sumo-4g-t2-black-thumb-600x600.jpg,"
                        QVGA
                        2.4""
            ","
            Màn hình 2.4""
            Camera sau 0.08 MP
            2 Nano SIM, Hỗ trợ 4G
            Thẻ nhớ MicroSD, hỗ trợ tối đa 32 GB
            Pin 1400 mAh
    ","
                
    
            
            4.9
    

                • Đã bán 57,9k
                

    
        
        So sánh
    

        "
311033,Điện thoại Nokia 105 4G Pro,680000.0,Nokia,Điện thoại,https://cdn.tgdd.vn/Products/Images/42/311033/nokia-105-4g-xanh-thumbnail-600x600.jpg,"
                        QQVGA
                        1.77""
            ","
            Màn hình 1.77"", 65.000 màu
            2 Nano SIM, Hỗ trợ 4G
            Thẻ nhớ MicroSD, hỗ trợ tối đa 32 GB
            Pin 1450 mAh
    ","
                
    
            
            4.9
    

                • Đã bán 259,9k
                

    
        
        So sánh
    

        "
320734,Điện thoại Xiaomi Redmi A3 3GB/64GB,2090000.0,Xiaomi,Điện thoại,https://cdn.tgdd.vn/Products/Images/42/320734/xiaomi-redmi-a3-xanh-l%C3%A1-thumb-600x600.jpg,"
                        HD+
                        6.71""
            ","
            Chip MediaTek Helio G36 8 nhân
            RAM: 3 GB
            Dung lượng: 64 GB
            Camera sau: Chính 8 MP & Phụ 0.08 MP
            Camera trước: 5 MP
            Pin 5000 mAh,  Sạc 10 W
    ","
                
    
            
            4.9
    

                • Đã bán 66,9k
                

    
        
        So sánh
    

        "
320730,Điện thoại Xiaomi Redmi Note 14 Pro 8GB/256GB,7590000.0,Xiaomi,Điện thoại,https://cdn.tgdd.vn/Products/Images/42/320730/xiaomi-redmi-note-14-pro-thumb-600x600.jpg,"
                        Full HD+
                        6.67""
            ","
            Chip MediaTek Helio G100-Ultra 8 nhân
            RAM: 8 GB
            Dung lượng: 256 GB
            Camera sau: Chính 200 MP & Phụ 8 MP, 2 MP
            Camera trước: 32 MP
            Pin 5500 mAh,  Sạc 45 W
    ","
                
    
            
            4.9
    

                • Đã bán 7,8k
                

    
        
        So sánh
    

        "
332938,Điện thoại Xiaomi Redmi Note 14 Pro 5G 8GB/256GB,8890000.0,Xiaomi,Điện thoại,https://cdn.tgdd.vn/Products/Images/42/332938/TimerThumb/xiaomi-redmi-note-14-pro-5g-(8).jpg,"
                        1.5K
                        6.67""
            ","
            Chip MediaTek Dimensity 7300-Ultra 8 nhân
            RAM: 8 GB
            Dung lượng: 256 GB
            Camera sau: Chính 200 MP & Phụ 8 MP, 2 MP
            Camera trước: 20 MP
            Pin 5110 mAh,  Sạc 45 W
    ","
                
    
            
            4.9
    

                • Đã bán 9,4k
                

    
        
        So sánh
    

        "
330485,Điện thoại Benco 4G G3,380000.0,Benco,Điện thoại,https://cdn.tgdd.vn/Products/Images/42/330485/benco-4g-g3-xanh-thumb-600x600.jpg,"
                        QQVGA
                        1.77""
            ","
            Màn hình 1.77""
            2 Nano SIM, Hỗ trợ 4G
            Thẻ nhớ MicroSD, hỗ trợ tối đa 64 GB
            Pin 1000 mAh
    ","
                
    
            
            4.9
    

                • Đã bán 40,3k
                

    
        
        So sánh
    

        "
328454,Điện thoại OPPO A3 8GB/128GB,5290000.0,OPPO,Điện thoại,https://cdn.tgdd.vn/Products/Images/42/328454/TimerThumb/oppo-a3-8gb-128gb-(14).jpg,"
                        HD+
                        6.67""
            ","
            Chip Snapdragon 6s Gen 1 8 nhân
            RAM: 8 GB
            Dung lượng: 128 GB
            Camera sau: Chính 50 MP & Cảm biến Flicker
            Camera trước: 5 MP
            Pin 5100 mAh,  Sạc 45 W
    ","
                
    
            
            4.9
    

                • Đã bán 32,5k
                

    
        
        So sánh
    

        "
321434,Điện thoại realme Note 50 3GB/64GB,2490000.0,realme,Điện thoại,https://cdn.tgdd.vn/Products/Images/42/321434/realme-note-50-blue-thumb-600x600.jpg,"
                        HD+
                        6.74""
            ","
            Chip Unisoc Tiger T612
            RAM: 3 GB
            Dung lượng: 64 GB
            Camera sau: Chính 13 MP & Phụ 0.08 MP
            Camera trước: 5 MP
            Pin 5000 mAh,  Sạc 10 W
    ","
                
    
            
            4.9
    

                • Đã bán 56,7k
                

    
        
        So sánh
    

        "
322096,Điện thoại Samsung Galaxy A55 5G 12GB/256GB,10890000.0,Samsung,Điện thoại,https://cdn.tgdd.vn/Products/Images/42/322096/samsung-galaxy-a55-5g-xanh-thumb-1-600x600.jpg,"
                        Full HD+
                        6.6""
            ","
            Chip Exynos 1480 8 nhân
            RAM: 12 GB
            Dung lượng: 256 GB
            Camera sau: Chính 50 MP & Phụ 12 MP, 5 MP
            Camera trước: 32 MP
            Pin 5000 mAh,  Sạc 25 W
    ","
                
    
            
            4.9
    

                • Đã bán 59,7k
                

    
        
        So sánh
    

        "
281570,Điện thoại iPhone 15 128GB,15990000.0,iPhone (Apple),Điện thoại,https://cdn.tgdd.vn/Products/Images/42/281570/iphone-15-hong-thumb-1-600x600.jpg,"
                        Super Retina XDR
                        6.1""
            ","
            Chip Apple A16 Bionic
            RAM: 6 GB
            Dung lượng: 128 GB
            Camera sau: Chính 48 MP & Phụ 12 MP
            Camera trước: 12 MP
            Pin 3349 mAh,  Sạc 20 W
    ","
                
    
            
            4.9
    

                • Đã bán 37,8k
                

    
        
        So sánh
    

        "
284122,Điện thoại Mobell M239 4G,440000.0,Mobell,Điện thoại,https://cdn.tgdd.vn/Products/Images/42/284122/mobell-m239-xanh-thumb-1-600x600.jpg,"
                        QQVGA
                        1.77""
            ","
            Màn hình 1.77"", 65.000 màu
            Camera sau 0.08 MP
            2 Nano SIM, Hỗ trợ 4G VoLTE
            Thẻ nhớ MicroSD, hỗ trợ tối đa 64 GB
            Pin 1000 mAh
    ","
                
    
            
            4.9
    

                • Đã bán 115,8k
                

    
        
        So sánh
    

        "
321772,Điện thoại Samsung Galaxy A35 5G 8GB/256GB,8090000.0,Samsung,Điện thoại,https://cdn.tgdd.vn/Products/Images/42/321772/samsung-galaxy-a35-5g-xanh-thumb-1-600x600.jpg,"
                        Full HD+
                        6.6""
            ","
            Chip Exynos 1380 8 nhân
            RAM: 8 GB
            Dung lượng: 256 GB
            Camera sau: Chính 50 MP & Phụ 8 MP, 5 MP
            Camera trước: 13 MP
            Pin 5000 mAh,  Sạc 25 W
    ","
                
    
            
            4.9
    

                • Đã bán 79k
                

    
        
        So sánh
    

        "
329008,Điện thoại Xiaomi Redmi 14C 6GB/128GB,3390000.0,Xiaomi,Điện thoại,https://cdn.tgdd.vn/Products/Images/42/329008/xiaomi-redmi-14c-blue-1-600x600.jpg,"
                        HD+
                        6.88 ""
            ","
            Chip MediaTek Helio G81-Ultra 8 nhân
            RAM: 6 GB
            Dung lượng: 128 GB
            Camera sau: Chính 50 MP & Phụ QVGA
            Camera trước: 13 MP
            Pin 5160 mAh,  Sạc 18 W
    ","
                
    
            
            4.9
    

                • Đã bán 32,6k
                

    
        
        So sánh
    

        "
207956,Điện thoại Nokia 220 4G,990000.0,Nokia,Điện thoại,https://cdn.tgdd.vn/Products/Images/42/207956/nokia-220-4g-cam-thumb-600x600.jpg,"
                        QVGA
                        2.8""
            ","
            Màn hình 2.8""
            2 Nano SIM, Hỗ trợ 4G
            Thẻ nhớ MicroSD, hỗ trợ tối đa 32 GB
            Pin 1450 mAh
    ","
                
    
            
            4.9
    

                • Đã bán 33,4k
                

    
        
        So sánh
    

        "
322877,Điện thoại Masstel IZI T6 4G,500000.0,Masstel,Điện thoại,https://cdn.tgdd.vn/Products/Images/42/322877/masstel-izi-t6-green-thumb-600x600.jpg,"
                        QVGA
                        2.4""
            ","
            Màn hình 2.4"", 16.7 triệu màu
            2 Nano SIM, Hỗ trợ 4G
            Thẻ nhớ MicroSD, hỗ trợ tối đa 32 GB
            Pin 1800 mAh
    ","
                
    
            
            4.9
    

                • Đã bán 73,1k
                

    
        
        So sánh
    

        "
329676,Điện thoại Nokia HMD 105 4G,650000.0,Nokia,Điện thoại,https://cdn.tgdd.vn/Products/Images/42/329676/nokia-hmd-105-4g-pink-thumb-600x600.jpg,"
                        QQVGA
                        2.4""
            ","
            Màn hình 2.4""
            2 Nano SIM, Hỗ trợ 4G
            Thẻ nhớ MicroSD, hỗ trợ tối đa 32 GB
            Pin 1450 mAh
    ","
                
    
            
            4.9
    

                • Đã bán 20,5k
                

    
        
        So sánh
    

        "
322996,Điện thoại vivo Y03 4GB/128GB,3290000.0,vivo,Điện thoại,https://cdn.tgdd.vn/Products/Images/42/322996/vivo-y03-xanh-thumb-1-600x600.jpg,"
                        HD+
                        6.56""
            ","
            Chip MediaTek Helio G85
            RAM: 4 GB
            Dung lượng: 128 GB
            Camera sau: Chính 13 MP & Phụ 0.08 MP
            Camera trước: 5 MP
            Pin 5000 mAh,  Sạc 15 W
    ","
                
    
            
            4.9
    

                • Đã bán 47k
                

    
        
        So sánh
    

        "
329938,Điện thoại Xiaomi 14T 5G 12GB/256GB,11690000.0,Xiaomi,Điện thoại,https://cdn.tgdd.vn/Products/Images/42/329938/TimerThumb/xiaomi-14t-5g-(14).jpg,"
                        1.5K
                        6.67""
            ","
            Chip MediaTek Dimensity 8300 Ultra 8 nhân
            RAM: 12 GB
            Dung lượng: 256 GB
            Camera sau: Chính 50 MP & Phụ 50 MP, 12 MP
            Camera trước: 32 MP
            Pin 5000 mAh,  Sạc 67 W
    ","
                
    
            
            4.9
    

                • Đã bán 20,7k
                

    
        
        So sánh
    

        "
326016,Điện thoại vivo Y28 8GB/128GB,5290000.0,vivo,Điện thoại,https://cdn.tgdd.vn/Products/Images/42/326016/vivo-y28-vang-thumb-600x600.jpg,"
                        HD+
                        6.68 ""
            ","
            Chip MediaTek Helio G85
            RAM: 8 GB
            Dung lượng: 128 GB
            Camera sau: Chính 50 MP & Phụ 2 MP
            Camera trước: 8 MP
            Pin 6000 mAh,  Sạc 44 W
    ","
                
    
            
            4.9
    

                • Đã bán 44,6k
                

    
        
        So sánh
    

        "
329865,Điện thoại Tecno Spark GO 1 3GB/64GB,1890000.0,Tecno,Điện thoại,https://cdn.tgdd.vn/Products/Images/42/329865/TimerThumb/tecno-spark-go-1-(14).jpg,"
                        HD+
                        6.67""
            ","
            Chip Unisoc T615 8 nhân
            RAM: 3 GB
            Dung lượng: 64 GB
            Camera sau: Chính 13 MP & Phụ AI
            Camera trước: 8 MP
            Pin 5000 mAh,  Sạc 15 W
    ","
                
    
            
            4.9
    

                • Đã bán 7,7k
                

    
        
        So sánh
    

        "
303891,Điện thoại iPhone 15 Plus 128GB,19790000.0,iPhone (Apple),Điện thoại,https://cdn.tgdd.vn/Products/Images/42/303891/iphone-15-plus-xanh-la-128gb-thumb-600x600.jpg,"
                        Super Retina XDR
                        6.7""
            ","
            Chip Apple A16 Bionic
            RAM: 6 GB
            Dung lượng: 128 GB
            Camera sau: Chính 48 MP & Phụ 12 MP
            Camera trước: 12 MP
            Pin 4383 mAh,  Sạc 20 W
    ","
                
    
            
            4.9
    

                • Đã bán 31,4k
                

    
        
        So sánh
    

        "
332234,Điện thoại realme C75 8GB/128GB,5690000.0,realme,Điện thoại,https://cdn.tgdd.vn/Products/Images/42/332234/TimerThumb/realme-c75-8gb-128gb-(14).jpg,"
                        Full HD+
                        6.72""
            ","
            Chip MediaTek Helio G92 Max 8 nhân
            RAM: 8 GB
            Dung lượng: 128 GB
            Camera sau: Chính 50 MP & Cảm biến Flicker
            Camera trước: 8 MP
            Pin 6000 mAh,  Sạc 45 W
    ","
                
    
            
            4.9
    

                • Đã bán 15,4k
                

    
        
        So sánh
    

        "
329959,Điện thoại vivo V40 Lite 8GB/256GB,8490000.0,vivo,Điện thoại,https://cdn.tgdd.vn/Products/Images/42/329959/TimerThumb/vivo-v40-lite-8gb-256gb-(14).jpg,"
                        Full HD+
                        6.67""
            ","
            Chip Snapdragon 685 8 nhân
            RAM: 8 GB
            Dung lượng: 256 GB
            Camera sau: Chính 50 MP & Phụ 2 MP
            Camera trước: 32 MP
            Pin 5000 mAh,  Sạc 80 W
    ","
                
    
            
            4.9
    

                • Đã bán 24k
                

    
        
        So sánh
    

        "
332934,Điện thoại OPPO Reno13 5G 12GB/256GB,15990000.0,OPPO,Điện thoại,https://cdn.tgdd.vn/Products/Images/42/332934/TimerThumb/oppo-reno13-5g-(6).jpg,"
                        1.5K
                        6.59""
            ","
            Chip MediaTek Dimensity 8350 5G 8 nhân
            RAM: 12 GB
            Dung lượng: 256 GB
            Camera sau: Chính 50 MP & Phụ 8 MP, 2 MP
            Camera trước: 50 MP
            Pin 5600 mAh,  Sạc 80 W
    ","
                
    
            
            4.9
    

                • Đã bán 5,6k
                

    
        
        So sánh
    

        "
333347,Điện thoại Samsung Galaxy S25 Ultra 5G 12GB/256GB,30990000.0,Samsung,Điện thoại,https://cdn.tgdd.vn/Products/Images/42/333347/TimerThumb/samsung-galaxy-s25-ultra-(6).jpg,"
                        Quad HD+ (2K+)
                        6.9""
            ","
            Chip Qualcomm Snapdragon 8 Elite For Galaxy 8 nhân
            RAM: 12 GB
            Dung lượng: 256 GB
            Camera sau: Chính 200 MP & Phụ 50 MP, 50 MP, 10 MP
            Camera trước: 12 MP
            Pin 5000 mAh,  Sạc 45 W
    ","
                
    
            
            4.9
    

                

    
        
        So sánh
    

        "
323563,Điện thoại Samsung Galaxy M35 5G 8GB/256GB,7990000.0,Samsung,Điện thoại,https://cdn.tgdd.vn/Products/Images/42/323563/samsung-galaxy-m35-5g-xanhdam-thumb-600x600.jpg,"
                        Full HD+
                        6.6""
            ","
            Chip Exynos 1380 8 nhân
            RAM: 8 GB
            Dung lượng: 256 GB
            Camera sau: Chính 50 MP & Phụ 8 MP, 2 MP
            Camera trước: 13 MP
            Pin 6000 mAh,  Sạc 25 W
    ","
                
    
            
            4.9
    

                • Đã bán 25,8k
                

    
        
        So sánh
    

        "
328605,Điện thoại realme C65s 6GB/128GB,3290000.0,realme,Điện thoại,https://cdn.tgdd.vn/Products/Images/42/328605/TimerThumb/realme-c65s-(18).jpg,"
                        HD+
                        6.745 ""
            ","
            Chip Unisoc Tiger T612
            RAM: 6 GB
            Dung lượng: 128 GB
            Camera sau: Chính 50 MP & Cảm biến Flicker
            Camera trước: 8 MP
            Pin 5000 mAh,  Sạc 45 W
    ","
                
    
            
            4.9
    

                • Đã bán 15,8k
                

    
        
        So sánh
    

        "
329143,Điện thoại iPhone 16 Pro 128GB,25590000.0,iPhone (Apple),Điện thoại,https://cdn.tgdd.vn/Products/Images/42/329143/iphone-16-pro-thumb-600x600.jpg,"
                        Super Retina XDR
                        6.3""
            ","
            Chip Apple A18 Pro 6 nhân
            RAM: 8 GB
            Dung lượng: 128 GB
            Camera sau: Chính 48 MP & Phụ 48 MP, 12 MP
            Camera trước: 12 MP
            Pin 27 giờ,  Sạc 20 W
    ","
                
    
            
            4.9
    

                • Đã bán 10,8k
                

    
        
        So sánh
    

        "
329330,Điện thoại realme Note 60 6GB/128GB,3790000.0,realme,Điện thoại,https://cdn.tgdd.vn/Products/Images/42/329330/realme-note-60-black-thumb-600x600.jpg,"
                        HD+
                        6.745 ""
            ","
            Chip Unisoc Tiger T612
            RAM: 6 GB
            Dung lượng: 128 GB
            Camera sau: Chính 32 MP & Cảm biến Flicker
            Camera trước: 5 MP
            Pin 5000 mAh,  Sạc 10 W
    ","
                
    
            
            5
    

                • Đã bán 12,3k
                

    
        
        So sánh
    

        "
265311,Điện thoại Masstel IZI 10,410000.0,Masstel,Điện thoại,https://cdn.tgdd.vn/Products/Images/42/265311/masstel-izi-10-4g-xanh-thumb-600x600.jpg,"
                        QQVGA
                        1.77""
            ","
            Màn hình 1.77"", 262.000 màu
            2 Nano SIM, Hỗ trợ 4G VoLTE
            Thẻ nhớ MicroSD, hỗ trợ tối đa 32 GB
            Pin 1000 mAh
    ","
                
    
            
            4.9
    

                • Đã bán 252,4k
                

    
        
        So sánh
    

        "
329138,Điện thoại iPhone 16 Plus 128GB,22990000.0,iPhone (Apple),Điện thoại,https://cdn.tgdd.vn/Products/Images/42/329138/iphone-16-plus-thumb-600x600.jpg,"
                        Super Retina XDR
                        6.7""
            ","
            Chip Apple A18 6 nhân
            RAM: 8 GB
            Dung lượng: 128 GB
            Camera sau: Chính 48 MP & Phụ 12 MP
            Camera trước: 12 MP
            Pin 27 giờ,  Sạc 20 W
    ","
                
    
            
            4.9
    

                • Đã bán 4,7k
                

    
        
        So sánh
    

        "
240259,Điện thoại iPhone 14 128GB,13090000.0,iPhone (Apple),Điện thoại,https://cdn.tgdd.vn/Products/Images/42/240259/iPhone-14-plus-thumb-xanh-600x600.jpg,"
                        Super Retina XDR
                        6.1""
            ","
            Chip Apple A15 Bionic
            RAM: 6 GB
            Dung lượng: 128 GB
            Camera sau: 2 camera 12 MP
            Camera trước: 12 MP
            Pin 3279 mAh,  Sạc 20 W
    ","
                
    
            
            4.9
    

                • Đã bán 13,3k
                

    
        
        So sánh
    

        "
329785,Điện thoại Samsung Galaxy S24 FE 5G 8GB/256GB,18490000.0,Samsung,Điện thoại,https://cdn.tgdd.vn/Products/Images/42/329785/TimerThumb/samsung-galaxy-s24-fe-8gb-256gb-(14).jpg,"
                        Full HD+
                        6.7""
            ","
            Chip Exynos 2400e 8 nhân
            RAM: 8 GB
            Dung lượng: 256 GB
            Camera sau: Chính 50 MP & Phụ 12 MP, 8 MP
            Camera trước: 10 MP
            Pin 4700 mAh,  Sạc 25 W
    ","
                
    
            
            5
    

                • Đã bán 6,9k
                

    
        
        So sánh
    

        "
311034,Điện thoại Nokia 110 4G Pro,750000.0,Nokia,Điện thoại,https://cdn.tgdd.vn/Products/Images/42/311034/nokia-110-4g-tim-thumb-600x600.jpg,"
                        QQVGA
                        1.77""
            ","
            Màn hình 1.77"", 65.000 màu
            Camera sau QVGA (320 x 240 pixels)
            2 Nano SIM, Hỗ trợ 4G VoLTE
            Thẻ nhớ MicroSD, hỗ trợ tối đa 32 GB
            Pin 1450 mAh
    ","
                
    
            
            4.9
    

                • Đã bán 52,6k
                

    
        
        So sánh
    

        "
329135,Điện thoại iPhone 16 128GB,19890000.0,iPhone (Apple),Điện thoại,https://cdn.tgdd.vn/Products/Images/42/329135/iphone-16-thumb-600x600.jpg,"
                        Super Retina XDR
                        6.1""
            ","
            Chip Apple A18 6 nhân
            RAM: 8 GB
            Dung lượng: 128 GB
            Camera sau: Chính 48 MP & Phụ 12 MP
            Camera trước: 12 MP
            Pin 22 giờ,  Sạc 20 W
    ","
                
    
            
            4.9
    

                • Đã bán 6,8k
                

    
        
        So sánh
    

        "
333770,Điện thoại HONOR X5b Plus 4GB/128GB,2690000.0,HONOR,Điện thoại,https://cdn.tgdd.vn/Products/Images/42/333770/TimerThumb/honor-x5b-plus-(2).jpg,"
                        HD+
                        6.56""
            ","
            Chip MediaTek Helio G36 8 nhân
            RAM: 4 GB
            Dung lượng: 128 GB
            Camera sau: Chính 50 MP & Ống kính phụ
            Camera trước: 5 MP
            Pin 5200 mAh,  Sạc 10 W
    ","
                
    
            
            5
    

                • Đã bán 572
                

    
        
        So sánh
    

        "
320731,Điện thoại Xiaomi Redmi Note 14 Pro+ 5G 8GB/256GB,10690000.0,Xiaomi,Điện thoại,https://cdn.tgdd.vn/Products/Images/42/320731/xiaomi-redmi-note-14-pro-plus-thumb-600x600.jpg,"
                        1.5K
                        6.67""
            ","
            Chip Snapdragon 7s Gen 3 5G 8 nhân
            RAM: 8 GB
            Dung lượng: 256 GB
            Camera sau: Chính 200 MP & Phụ 8 MP, 2 MP
            Camera trước: 20 MP
            Pin 5110 mAh,  Sạc 120 W
    ","
                
    
            
            4.9
    

                • Đã bán 1,5k
                

    
        
        So sánh
    

        "
304608,Điện thoại Mobell F309 4G,760000.0,Mobell,Điện thoại,https://cdn.tgdd.vn/Products/Images/42/304608/mobell-f309-trang-thumb-600x600.jpg,"
                        QVGA
                        2.31""
            ","
            Màn hình 2.31"", 262.000 màu
            Camera sau 0.08 MP
            2 Nano SIM, Hỗ trợ 4G VoLTE
            Thẻ nhớ MicroSD, hỗ trợ tối đa 64 GB
            Pin 1600 mAh
    ","
                
    
            
            4.9
    

                • Đã bán 31,4k
                

    
        
        So sánh
    

        "
331200,Điện thoại vivo Y19s 6GB/128GB,4090000.0,vivo,Điện thoại,https://cdn.tgdd.vn/Products/Images/42/331200/TimerThumb/vivo-y19s-6gb-128gb-(14).jpg,"
                        HD+
                        6.68 ""
            ","
            Chip Unisoc Tiger T612
            RAM: 6 GB
            Dung lượng: 128 GB
            Camera sau: Chính 50 MP & Phụ 0.08 MP
            Camera trước: 5 MP
            Pin 5500 mAh,  Sạc 15 W
    ","
                
    
            
            4.9
    

                • Đã bán 21,7k
                

    
        
        So sánh
    

        "
323546,Điện thoại Masstel Fami 50 4G,600000.0,Masstel,Điện thoại,https://cdn.tgdd.vn/Products/Images/42/323546/masstel-fami-50-green-thumb-600x600.jpg,"
                        QQVGA
                        2""
            ","
            Màn hình 2"", 262.000 màu
            2 Nano SIM, Hỗ trợ 4G
            Thẻ nhớ MicroSD, hỗ trợ tối đa 32 GB
            Pin 1750 mAh
    ","
                
    
            
            4.9
    

                • Đã bán 38,2k
                

    
        
        So sánh
    

        "
328306,Điện thoại OPPO Reno12 F 8GB/256GB,7890000.0,OPPO,Điện thoại,https://cdn.tgdd.vn/Products/Images/42/328306/TimerThumb/oppo-reno12-f-4g-8gb-256gb-(16).jpg,"
                        Full HD+
                        6.67""
            ","
            Chip Snapdragon 685 8 nhân
            RAM: 8 GB
            Dung lượng: 256 GB
            Camera sau: Chính 50 MP & Phụ 8 MP, 2 MP
            Camera trước: 32 MP
            Pin 5000 mAh,  Sạc 45 W
    ","
                
    
            
            4.9
    

                • Đã bán 21,2k
                

    
        
        So sánh
    

        "
305658,Điện thoại iPhone 15 Pro Max 256GB,29990000.0,iPhone (Apple),Điện thoại,https://cdn.tgdd.vn/Products/Images/42/305658/iphone-15-pro-max-black-thumbnew-600x600.jpg,"
                        Super Retina XDR
                        6.7""
            ","
            Chip Apple A17 Pro 6 nhân
            RAM: 8 GB
            Dung lượng: 256 GB
            Camera sau: Chính 48 MP & Phụ 12 MP, 12 MP
            Camera trước: 12 MP
            Pin 4422 mAh,  Sạc 20 W
    ","
                
    
            
            4.9
    

                • Đã bán 240,5k
                

    
        
        So sánh
    

        "
333363,Điện thoại Samsung Galaxy S25 5G 12GB/256GB,19990000.0,Samsung,Điện thoại,https://cdn.tgdd.vn/Products/Images/42/333363/TimerThumb/samsung-galaxy-s25-(6).jpg,"
                        Full HD+
                        6.2""
            ","
            Chip Qualcomm Snapdragon 8 Elite For Galaxy 8 nhân
            RAM: 12 GB
            Dung lượng: 256 GB
            Camera sau: Chính 50 MP & Phụ 12 MP, 10 MP
            Camera trước: 12 MP
            Pin 4000 mAh,  Sạc 25 W
    ","
                
    
            
            4.9
    

                

    
        
        So sánh
    

        "
333359,Điện thoại Samsung Galaxy S25 Plus 5G 12GB/256GB,23990000.0,Samsung,Điện thoại,https://cdn.tgdd.vn/Products/Images/42/333359/TimerThumb/samsung-galaxy-s25-plus-(6).jpg,"
                        Quad HD+ (2K+)
                        6.7""
            ","
            Chip Qualcomm Snapdragon 8 Elite For Galaxy 8 nhân
            RAM: 12 GB
            Dung lượng: 256 GB
            Camera sau: Chính 50 MP & Phụ 12 MP, 10 MP
            Camera trước: 12 MP
            Pin 4900 mAh,  Sạc 45 W
    ","
                
    
            
            5
    

                

    
        
        So sánh
    

        "
307174,Điện thoại Samsung Galaxy S24 Ultra 5G 12GB/256GB,22990000.0,Samsung,Điện thoại,https://cdn.tgdd.vn/Products/Images/42/307174/samsung-galaxy-s24-ultra-5g-600x600.jpg,"
                        Quad HD+ (2K+)
                        6.8""
            ","
            Chip Snapdragon 8 Gen 3 for Galaxy
            RAM: 12 GB
            Dung lượng: 256 GB
            Camera sau: Chính 200 MP & Phụ 50 MP, 12 MP, 10 MP
            Camera trước: 12 MP
            Pin 5000 mAh,  Sạc 45 W
    ","
                
    
            
            4.9
    

                • Đã bán 24,3k
                

    
        
        So sánh
    

        "
327192,Điện thoại OPPO Reno12 5G 12GB/512GB,12990000.0,OPPO,Điện thoại,https://cdn.tgdd.vn/Products/Images/42/327192/TimerThumb/oppo-reno12-5g-12gb-512gb-(14).jpg,"
                        Full HD+
                        6.7""
            ","
            Chip MediaTek Dimensity 7300-Energy 5G 8 nhân
            RAM: 12 GB
            Dung lượng: 512 GB
            Camera sau: Chính 50 MP & Phụ 8 MP, 2 MP
            Camera trước: 32 MP
            Pin 5000 mAh,  Sạc 80 W
    ","
                
    
            
            4.9
    

                • Đã bán 42,1k
                

    
        
        So sánh
    

        "
213031,Điện thoại iPhone 12 64GB,10590000.0,iPhone (Apple),Điện thoại,https://cdn.tgdd.vn/Products/Images/42/213031/iphone-12-tim-1-600x600.jpg,"
                        Super Retina XDR
                        6.1""
            ","
            Chip Apple A14 Bionic
            RAM: 4 GB
            Dung lượng: 64 GB
            Camera sau: 2 camera 12 MP
            Camera trước: 12 MP
            Pin 2815 mAh,  Sạc 20 W
    ","
                
    
            
            4.9
    

                • Đã bán 8,9k
                

    
        
        So sánh
    

        "
331512,Điện thoại HONOR X7c 8GB/256GB,4990000.0,HONOR,Điện thoại,https://cdn.tgdd.vn/Products/Images/42/331512/TimerThumb/honor-x7c-(14).jpg,"
                        HD+
                        6.77 ""
            ","
            Chip Snapdragon 685 8 nhân
            RAM: 8 GB
            Dung lượng: 256 GB
            Camera sau: Chính 108 MP & Phụ 2 MP
            Camera trước: 8 MP
            Pin 6000 mAh,  Sạc 35 W
    ","
                
    
            
            4.9
    

                • Đã bán 1,8k
                

    
        
        So sánh
    

        "
333480,Điện thoại HONOR X9c Smart 5G 12GB/256GB,7190000.0,HONOR,Điện thoại,https://cdn.tgdd.vn/Products/Images/42/333480/TimerThumb/honor-x9c-smart-(2).jpg,"
                        Full HD+
                        6.8""
            ","
            Chip MediaTek Dimensity 7025-Ultra 5G 8 nhân
            RAM: 12 GB
            Dung lượng: 256 GB
            Camera sau: Chính 108 MP & Phụ 5 MP
            Camera trước: 16 MP
            Pin 5800 mAh,  Sạc 35 W
    ","
                
    
            
            4.9
    

                • Đã bán 1k
                

    
        
        So sánh
    

        "
327258,Điện thoại HONOR X6b 6GB/128GB Tím,3390000.0,HONOR,Điện thoại,https://cdn.tgdd.vn/Products/Images/42/327258/TimerThumb/honor-x6b-6gb-128gb-(14).jpg,"
                        HD+
                        6.56""
            ","
            Chip MediaTek Helio G85
            RAM: 6 GB
            Dung lượng: 128 GB
            Camera sau: Chính 50 MP & Phụ 2 MP
            Camera trước: 5 MP
            Pin 5200 mAh,  Sạc 35 W
    ","
                
    
            
            4.9
    

                • Đã bán 3,5k
                

    
        
        So sánh
    

        "
329940,Điện thoại Xiaomi 14T Pro 5G 12GB/256GB,15490000.0,Xiaomi,Điện thoại,https://cdn.tgdd.vn/Products/Images/42/329940/TimerThumb/xiaomi-14t-pro-5g-12gb-256gb-(14).jpg,"
                        1.5K
                        6.67""
            ","
            Chip MediaTek Dimensity 9300+ 8 nhân
            RAM: 12 GB
            Dung lượng: 256 GB
            Camera sau: Chính 50 MP & Phụ 50 MP, 12 MP
            Camera trước: 32 MP
            Pin 5000 mAh,  Sạc 120 W
    ","
                
    
            
            4.9
    

                • Đã bán 6,5k
                

    
        
        So sánh
    

        "
331985,Điện thoại vivo V40 5G 12GB/256GB,12990000.0,vivo,Điện thoại,https://cdn.tgdd.vn/Products/Images/42/331985/TimerThumb/vivo-v40-5g-(16).jpg,"
                        1.5K
                        6.78""
            ","
            Chip Snapdragon 7 Gen 3 8 nhân
            RAM: 12 GB
            Dung lượng: 256 GB
            Camera sau: 2 camera 50 MP
            Camera trước: 50 MP
            Pin 5500 mAh,  Sạc 80 W
    ","
                
    
            
            4.9
    

                • Đã bán 2,9k
                

    
        
        So sánh
    

        "
319665,Điện thoại Samsung Galaxy S24 5G 8GB/256GB,17990000.0,Samsung,Điện thoại,https://cdn.tgdd.vn/Products/Images/42/319665/samsung-galaxy-s24-256gb-5g-thumb-600x600.jpg,"
                        Full HD+
                        6.2""
            ","
            Chip Exynos 2400
            RAM: 8 GB
            Dung lượng: 256 GB
            Camera sau: Chính 50 MP & Phụ 12 MP, 10 MP
            Camera trước: 12 MP
            Pin 4000 mAh,  Sạc 25 W
    ","
                
    
            
            4.9
    

                • Đã bán 9,5k
                

    
        
        So sánh
    

        "
332937,Điện thoại OPPO Reno13 Pro 5G 12GB/512GB,18990000.0,OPPO,Điện thoại,https://cdn.tgdd.vn/Products/Images/42/332937/TimerThumb/oppo-reno13-pro-5g-(6).jpg,"
                        1.5K
                        6.83""
            ","
            Chip MediaTek Dimensity 8350 5G 8 nhân
            RAM: 12 GB
            Dung lượng: 512 GB
            Camera sau: Chính 50 MP & Phụ 50 MP, 8 MP
            Camera trước: 50 MP
            Pin 5800 mAh,  Sạc 80 W
    ","
                
    
            
            4.9
    

                • Đã bán 1,8k
                

    
        
        So sánh
    

        "
288630,Điện thoại Mobell M539,700000.0,Mobell,Điện thoại,https://cdn.tgdd.vn/Products/Images/42/288630/mobell-m539-do-thumb-600x600.jpg,"
                        QVGA
                        2.8""
            ","
            Màn hình 2.8"", 262.000 màu
            Camera sau 0.08 MP
            2 Nano SIM, Hỗ trợ 4G VoLTE
            Thẻ nhớ MicroSD, hỗ trợ tối đa 64 GB
            Pin 2000 mAh
    ","
                
    
            
            4.9
    

                • Đã bán 36,2k
                

    
        
        So sánh
    

        "
332935,Điện thoại OPPO Reno13 F 8GB/256GB,8790000.0,OPPO,Điện thoại,https://cdn.tgdd.vn/Products/Images/42/332935/TimerThumb/oppo-reno13-f-(6).jpg,"
                        Full HD+
                        6.67""
            ","
            Chip MediaTek Helio G100 8 nhân
            RAM: 8 GB
            Dung lượng: 256 GB
            Camera sau: Chính 50 MP & Phụ 8 MP, 2 MP
            Camera trước: 32 MP
            Pin 5800 mAh,  Sạc 45 W
    ","
                
    
            
            5
    

                • Đã bán 2,4k
                

    
        
        So sánh
    

        "
299998,Điện thoại Mobell F209,620000.0,Mobell,Điện thoại,https://cdn.tgdd.vn/Products/Images/42/299998/mobell-f209-gold-600x600.jpg,"
                        QVGA
                        2""
            ","
            Màn hình 2"", 262.000 màu
            2 Nano SIM, Hỗ trợ 4G VoLTE
            Thẻ nhớ MicroSD, hỗ trợ tối đa 64 GB
            Pin 1500 mAh
    ","
                
    
            
            4.9
    

                • Đã bán 47,7k
                

    
        
        So sánh
    

        "
314697,Điện thoại Mobell M331 4G,550000.0,Mobell,Điện thoại,https://cdn.tgdd.vn/Products/Images/42/314697/mobell-m335-thumb-den-600x600.jpg,"
                        QVGA
                        2.4""
            ","
            Màn hình 2.4"", 262.000 màu
            Camera sau 0.08 MP
            2 Nano SIM, Hỗ trợ 4G VoLTE
            Thẻ nhớ MicroSD, hỗ trợ tối đa 64 GB
            Pin 1000 mAh
    ","
                
    
            
            4.9
    

                • Đã bán 46,6k
                

    
        
        So sánh
    

        "
317530,Điện thoại Samsung Galaxy A05s 6GB/128GB,3690000.0,Samsung,Điện thoại,https://cdn.tgdd.vn/Products/Images/42/317530/samsung-galaxy-a05s-sliver-thumbnew-600x600.jpg,"
                        Full HD+
                        6.7""
            ","
            Chip Snapdragon 680
            RAM: 6 GB
            Dung lượng: 128 GB
            Camera sau: Chính 50 MP & Phụ 2 MP, 2 MP
            Camera trước: 13 MP
            Pin 5000 mAh,  Sạc 25 W
    ","
                
    
            
            4.9
    

                • Đã bán 120,5k
                

    
        
        So sánh
    

        "
325136,Điện thoại vivo V30e 5G 12GB/256GB,9990000.0,vivo,Điện thoại,https://cdn.tgdd.vn/Products/Images/42/325136/vivo-v30e-nau-thumb-1-600x600.jpg,"
                        Full HD+
                        6.78""
            ","
            Chip Snapdragon 6 Gen 1 8 nhân
            RAM: 12 GB
            Dung lượng: 256 GB
            Camera sau: Chính 50 MP & Phụ 8 MP
            Camera trước: 32 MP
            Pin 5500 mAh,  Sạc 44 W
    ","
                
    
            
            4.9
    

                • Đã bán 3,7k
                

    
        
        So sánh
    

        "
331207,Điện thoại Samsung Galaxy A16 8GB/128GB,5390000.0,Samsung,Điện thoại,https://cdn.tgdd.vn/Products/Images/42/331207/TimerThumb/samsung-galaxy-a16-8gb-128gb-(14).jpg,"
                        Full HD+
                        6.7""
            ","
            Chip MediaTek Helio G99
            RAM: 8 GB
            Dung lượng: 128 GB
            Camera sau: Chính 50 MP & Phụ 5 MP, 2 MP
            Camera trước: 13 MP
            Pin 5000 mAh,  Sạc 25 W
    ","
                
    
            
            4.9
    

                • Đã bán 43,6k
                

    
        
        So sánh
    

        "
325073,Điện thoại Samsung Galaxy M15 5G 4GB/128GB,4190000.0,Samsung,Điện thoại,https://cdn.tgdd.vn/Products/Images/42/325073/samsung-galaxy-m15-5g-blue-thumb-1-600x600.jpg,"
                        Full HD+
                        6.5""
            ","
            Chip MediaTek Dimensity 6100+
            RAM: 4 GB
            Dung lượng: 128 GB
            Camera sau: Chính 50 MP & Phụ 5 MP, 2 MP
            Camera trước: 13 MP
            Pin 6000 mAh,  Sạc 25 W
    ","
                
    
            
            4.9
    

                • Đã bán 6,1k
                

    
        
        So sánh
    

        "
322876,Điện thoại Masstel Fami 60S 4G,700000.0,Masstel,Điện thoại,https://cdn.tgdd.vn/Products/Images/42/322876/masstel-fami-60s-blue-thumb-600x600.jpg,"
                        QVGA
                        2""
            ","
            Màn hình 2"", 260.000 màu
            2 Nano SIM, Hỗ trợ 4G
            Thẻ nhớ MicroSD, hỗ trợ tối đa 32 GB
            Pin 2300 mAh
    ","
                
    
            
            4.9
    

                • Đã bán 44,2k
                

    
        
        So sánh
    

        "
324893,Điện thoại HONOR X8b 8GB/512GB,6190000.0,HONOR,Điện thoại,https://cdn.tgdd.vn/Products/Images/42/324893/honor-x8b-green-thumb-1-600x600.jpg,"
                        Full HD+
                        6.7""
            ","
            Chip Snapdragon 680
            RAM: 8 GB
            Dung lượng: 512 GB
            Camera sau: Chính 108 MP & Phụ 5 MP, 2 MP
            Camera trước: 50 MP
            Pin 4500 mAh,  Sạc 35 W
    ","
                
    
            
            4.9
    

                • Đã bán 14k
                

    
        
        So sánh
    

        "
320721,Điện thoại Samsung Galaxy Z Fold6 5G 12GB/256GB,36990000.0,Samsung,Điện thoại,https://cdn.tgdd.vn/Products/Images/42/320721/samsung-galaxy-z-fold6-thumb-1-600x600.jpg,"
                        QXGA+
                        Chính 7.6"" & Phụ 6.3""
            ","
            Chip Snapdragon 8 Gen 3 for Galaxy
            RAM: 12 GB
            Dung lượng: 256 GB
            Camera sau: Chính 50 MP & Phụ 12 MP, 10 MP
            Camera trước: 10 MP & 4 MP
            Pin 4400 mAh,  Sạc 25 W
    ","
                
    
            
            4.9
    

                • Đã bán 2,6k
                

    
        
        So sánh
    

        "
327254,Điện thoại vivo Y18 4GB/128GB,3690000.0,vivo,Điện thoại,https://cdn.tgdd.vn/Products/Images/42/327254/TimerThumb/vivo-y18-4gb-128gb-(14).jpg,"
                        HD+
                        6.56""
            ","
            Chip MediaTek Helio G85
            RAM: 4 GB
            Dung lượng: 128 GB
            Camera sau: Chính 50 MP & Phụ 0.08 MP
            Camera trước: 8 MP
            Pin 5000 mAh,  Sạc 15 W
    ","
                
    
            
            4.9
    

                • Đã bán 11,9k
                

    
        
        So sánh
    

        "
320722,Điện thoại Samsung Galaxy Z Flip6 5G 12GB/256GB,19750000.0,Samsung,Điện thoại,https://cdn.tgdd.vn/Products/Images/42/320722/samsung-galaxy-z-flip6-thumb-1-600x600.jpg,"
                        Full HD+
                        Chính 6.7"" & Phụ 3.4""
            ","
            Chip Snapdragon 8 Gen 3 for Galaxy
            RAM: 12 GB
            Dung lượng: 256 GB
            Camera sau: Chính 50 MP & Phụ 12 MP
            Camera trước: 10 MP
            Pin 4000 mAh,  Sạc 25 W
    ","
                
    
            
            4.9
    

                • Đã bán 2,5k
                

    
        
        So sánh
    

        "
324994,Điện thoại TCL 406s 4GB/64GB,1890000.0,TCL,Điện thoại,https://cdn.tgdd.vn/Products/Images/42/324994/tcl-406s-grey-thumb-600x600.jpg,"
                        HD+
                        6.6""
            ","
            Chip MediaTek MT6762 (Helio P22)
            RAM: 4 GB
            Dung lượng: 64 GB
            Camera sau: Chính 13 MP & Phụ 2 MP
            Camera trước: 5 MP
            Pin 5000 mAh,  Sạc 10 W
    ","
                
    
            
            4.9
    

                • Đã bán 6,2k
                

    
        
        So sánh
    

        "
321892,Điện thoại OPPO Reno12 5G 12GB/256GB Hồng,11990000.0,OPPO,Điện thoại,https://cdn.tgdd.vn/Products/Images/42/321892/oppo-reno12-5g-12gb-256gb-hong-thumb-600x600.jpg,"
                        Full HD+
                        6.7""
            ","
            Chip MediaTek Dimensity 7300-Energy 5G 8 nhân
            RAM: 12 GB
            Dung lượng: 256 GB
            Camera sau: Chính 50 MP & Phụ 8 MP, 2 MP
            Camera trước: 32 MP
            Pin 5000 mAh,  Sạc 80 W
    ","
                
    
            
            4.9
    

                • Đã bán 5,6k
                

    
        
        So sánh
    

        "
326477,Điện thoại Nokia 3210 4G,1590000.0,Nokia,Điện thoại,https://cdn.tgdd.vn/Products/Images/42/326477/nokia-3210-4g-yellow-thumb-600x600.jpg,"
                        QVGA
                        2.4""
            ","
            Màn hình 2.4""
            Camera sau 2 MP
            2 Nano SIM, Hỗ trợ 4G
            Thẻ nhớ MicroSD, hỗ trợ tối đa 32 GB
            Pin 1450 mAh
    ","
                
    
            
            4.9
    

                • Đã bán 13,7k
                

    
        
        So sánh
    

        "
309831,Điện thoại Xiaomi Redmi Note 13 8GB/128GB,5290000.0,Xiaomi,Điện thoại,https://cdn.tgdd.vn/Products/Images/42/309831/xiaomi-redmi-note-13-black-thumb-600x600.jpg,"
                        Full HD+
                        6.67""
            ","
            Chip Snapdragon 685 8 nhân
            RAM: 8 GB
            Dung lượng: 128 GB
            Camera sau: Chính 108 MP & Phụ 8 MP, 2 MP
            Camera trước: 16 MP
            Pin 5000 mAh,  Sạc 33 W
    ","
                
    
            
            4.9
    

                • Đã bán 173,8k
                

    
        
        So sánh
    

        "
327190,Điện thoại OPPO Reno12 F 5G 12GB/256GB,9190000.0,OPPO,Điện thoại,https://cdn.tgdd.vn/Products/Images/42/327190/TimerThumb/oppo-reno12-f-5g-12gb-256gb-(7).jpg,"
                        Full HD+
                        6.67""
            ","
            Chip MediaTek Dimensity 6300 5G 8 nhân
            RAM: 12 GB
            Dung lượng: 256 GB
            Camera sau: Chính 50 MP & Phụ 8 MP, 2 MP
            Camera trước: 32 MP
            Pin 5000 mAh,  Sạc 45 W
    ","
                
    
            
            4.9
    

                • Đã bán 67,5k
                

    
        
        So sánh
    

        "
334168,Điện thoại OPPO Find X8 5G 16GB/512GB Hồng,21990000.0,OPPO,Điện thoại,https://cdn.tgdd.vn/Products/Images/42/334168/TimerThumb/oppo-find-x8-hong-(6).jpg,"
                        1.5K+
                        6.59""
            ","
            Chip MediaTek Dimensity 9400 8 nhân
            RAM: 16 GB
            Dung lượng: 512 GB
            Camera sau: 3 camera 50 MP
            Camera trước: 32 MP
            Pin 5630 mAh,  Sạc 80 W
    ","
                
    
            
            5
    

                • Đã bán 29
                

    
        
        So sánh
    

        "
329840,Điện thoại Itel it9310,650000.0,Itel,Điện thoại,https://cdn.tgdd.vn/Products/Images/42/329840/itel-it9310-vang-thumb-600x600.jpg,"
                        3""
            ","
            Màn hình 3""
            Camera sau 0.08 MP
            2 Nano SIM, Hỗ trợ 4G
            Thẻ nhớ MicroSD, hỗ trợ tối đa 64 GB
            Pin 2000 mAh
    ","
                
    
            
            4.9
    

                • Đã bán 5,5k
                

    
        
        So sánh
    

        "
322124,Điện thoại OPPO Reno12 Pro 5G 12GB/512GB,17490000.0,OPPO,Điện thoại,https://cdn.tgdd.vn/Products/Images/42/322124/oppo-reno12-pro-thumb-600x600.jpg,"
                        Full HD+
                        6.7""
            ","
            Chip MediaTek Dimensity 7300-Energy 5G 8 nhân
            RAM: 12 GB
            Dung lượng: 512 GB
            Camera sau: Chính 50 MP & Phụ 50 MP, 8 MP
            Camera trước: 50 MP
            Pin 5000 mAh,  Sạc 80 W
    ","
                
    
            
            4.9
    

                • Đã bán 2,9k
                

    
        
        So sánh
    

        "
289710,Điện thoại iPhone 14 Plus 256GB,21090000.0,iPhone (Apple),Điện thoại,https://cdn.tgdd.vn/Products/Images/42/289710/iPhone-14-plus-thumb-den-600x600.jpg,"
                        Super Retina XDR
                        6.7""
            ","
            Chip Apple A15 Bionic
            RAM: 6 GB
            Dung lượng: 256 GB
            Camera sau: 2 camera 12 MP
            Camera trước: 12 MP
            Pin 4325 mAh,  Sạc 20 W
    ","
                
    
            
            4.9
    

                • Đã bán 1,3k
                

    
        
        So sánh
    

        "
319904,Điện thoại Samsung Galaxy A25 5G 8GB/128GB,6490000.0,Samsung,Điện thoại,https://cdn.tgdd.vn/Products/Images/42/319904/samsung-galaxy-a25-5g-xanh-duong-thumb-600x600.jpg,"
                        Full HD+
                        6.5""
            ","
            Chip Exynos 1280
            RAM: 8 GB
            Dung lượng: 128 GB
            Camera sau: Chính 50 MP & Phụ 8 MP, 2 MP
            Camera trước: 13 MP
            Pin 5000 mAh,  Sạc 25 W
    ","
                
    
            
            4.9
    

                • Đã bán 73,7k
                

    
        
        So sánh
    

        "
329839,Điện thoại Itel it9211,490000.0,Itel,Điện thoại,https://cdn.tgdd.vn/Products/Images/42/329839/itel-it9211-den-thumb-600x600.jpg,"
                        2.4""
            ","
            Màn hình 2.4""
            Camera sau 0.08 MP
            2 Nano SIM, Hỗ trợ 4G
            Pin 1000 mAh
    ","
                
    
            
            4.9
    

                • Đã bán 7,3k
                

    
        
        So sánh
    

        "
319466,Điện thoại realme 12 8GB/256GB,7390000.0,realme,Điện thoại,https://cdn.tgdd.vn/Products/Images/42/319466/realme-12-green-thumb-600x600.jpg,"
                        Full HD+
                        6.67""
            ","
            Chip Snapdragon 685 8 nhân
            RAM: 8 GB
            Dung lượng: 256 GB
            Camera sau: Chính 50 MP & Phụ 2 MP
            Camera trước: 16 MP
            Pin 5000 mAh,  Sạc 67 W
    ","
                
    
            
            4.9
    

                • Đã bán 3,4k
                

    
        
        So sánh
    

        "
320836,Điện thoại OPPO A38 6GB/128GB,3990000.0,OPPO,Điện thoại,https://cdn.tgdd.vn/Products/Images/42/320836/oppo-a38-black-thumb-600x600.jpg,"
                        HD+
                        6.56""
            ","
            Chip MediaTek Helio G85
            RAM: 6 GB
            Dung lượng: 128 GB
            Camera sau: Chính 50 MP & Phụ 2 MP
            Camera trước: 5 MP
            Pin 5000 mAh,  Sạc 33 W
    ","
                
    
            
            4.9
    

                • Đã bán 127,6k
                

    
        
        So sánh
    

        "
313306,Điện thoại HONOR X5 Plus 4GB/64GB,2490000.0,HONOR,Điện thoại,https://cdn.tgdd.vn/Products/Images/42/313306/honor-x5-plus-den-thumb-600x600.jpg,"
                        HD+
                        6.56""
            ","
            Chip MediaTek Helio G36 8 nhân
            RAM: 4 GB
            Dung lượng: 64 GB
            Camera sau: Chính 50 MP & Phụ 2 MP
            Camera trước: 5 MP
            Pin 5200 mAh,  Sạc 10 W
    ","
                
    
            
            4.9
    

                • Đã bán 14,3k
                

    
        
        So sánh
    

        "
306994,Điện thoại Samsung Galaxy S23 FE 5G 8GB/128GB Xanh mint/Trắng,14890000.0,Samsung,Điện thoại,https://cdn.tgdd.vn/Products/Images/42/306994/samsung-galaxy-s23-fe-mint-thumbnew-600x600.jpg,"
                        Full HD+
                        6.4""
            ","
            Chip Exynos 2200 8 nhân
            RAM: 8 GB
            Dung lượng: 128 GB
            Camera sau: Chính 50 MP & Phụ 12 MP, 8 MP
            Camera trước: 10 MP
            Pin 4500 mAh,  Sạc 25 W
    ","
                
    
            
            4.9
    

                • Đã bán 40,2k
                

    
        
        So sánh
    

        "
330619,Điện thoại realme 13+ 5G 12GB/256GB,9990000.0,realme,Điện thoại,https://cdn.tgdd.vn/Products/Images/42/330619/TimerThumb/realme-13-plus-5g-(14).jpg,"
                        Full HD+
                        6.67""
            ","
            Chip MediaTek Dimensity 7300 Energy 5G 8 nhân
            RAM: 12 GB
            Dung lượng: 256 GB
            Camera sau: Chính 50 MP & Phụ 2 MP, Flicker
            Camera trước: 16 MP
            Pin 5000 mAh,  Sạc 80 W
    ","
                
    
            
            4.9
    

                • Đã bán 1,3k
                

    
        
        So sánh
    

        "
319214,Điện thoại vivo V30 5G 12GB/512GB,12790000.0,vivo,Điện thoại,https://cdn.tgdd.vn/Products/Images/42/319214/vivo-v30-5g-xanh-thumb-600x600.jpg,"
                        1.5K
                        6.78""
            ","
            Chip Snapdragon 7 Gen 3 8 nhân
            RAM: 12 GB
            Dung lượng: 512 GB
            Camera sau: Chính 50 MP & Phụ 50 MP
            Camera trước: 50 MP
            Pin 5000 mAh,  Sạc 80 W
    ","
                
    
            
            4.9
    

                • Đã bán 4,8k
                

    
        
        So sánh
    

        "
302197,Điện thoại vivo Y100 8GB/256GB,6190000.0,vivo,Điện thoại,https://cdn.tgdd.vn/Products/Images/42/302197/vivo-y100-xanh-thumb-1-600x600.jpg,"
                        Full HD+
                        6.67""
            ","
            Chip Snapdragon 685 8 nhân
            RAM: 8 GB
            Dung lượng: 256 GB
            Camera sau: Chính 50 MP & Phụ 2 MP, Flicker
            Camera trước: 8 MP
            Pin 5000 mAh,  Sạc 80 W
    ","
                
    
            
            4.9
    

                • Đã bán 24,7k
                

    
        
        So sánh
    

        "
317981,Điện thoại OPPO Find N3 Flip 5G 12GB/256GB Hồng,16990000.0,OPPO,Điện thoại,https://cdn.tgdd.vn/Products/Images/42/317981/oppo-find-n3-flip-hong-thumb-600x600.jpg,"
                        Full HD+
                        Chính 6.8"" & Phụ 3.26""
            ","
            Chip MediaTek Dimensity 9200 5G 8 nhân
            RAM: 12 GB
            Dung lượng: 256 GB
            Camera sau: Chính 50 MP & Phụ 48 MP, 32 MP
            Camera trước: 32 MP
            Pin 4300 mAh,  Sạc 44 W
    ","
                
    
            
            4.9
    

                • Đã bán 1,7k
                

    
        
        So sánh
    

        "
329133,Điện thoại HONOR 200 5G 12GB/256GB,11490000.0,HONOR,Điện thoại,https://cdn.tgdd.vn/Products/Images/42/329133/honor-200-12gb-256gb-thumb-600x600.jpg,"
                        1.5K
                        6.7""
            ","
            Chip Snapdragon 7 Gen 3 8 nhân
            RAM: 12 GB
            Dung lượng: 256 GB
            Camera sau: Chính 50 MP & Phụ 50 MP, 12 MP
            Camera trước: 50 MP
            Pin 5200 mAh,  Sạc 100 W
    ","
                
    
            
            5
    

                • Đã bán 257
                

    
        
        So sánh
    

        "
332255,Điện thoại HONOR Magic V3 5G 12GB/512GB,37990000.0,HONOR,Điện thoại,https://cdn.tgdd.vn/Products/Images/42/332255/TimerThumb/honor-magic-v3-(4).jpg,"
                        Quad HD (2K)
                        Chính 7.92"" & Phụ 6.43""
            ","
            Chip Snapdragon 8 Gen 3 8 nhân
            RAM: 12 GB
            Dung lượng: 512 GB
            Camera sau: Chính 50 MP & Phụ 50 MP, 40 MP
            Camera trước: 20 MP
            Pin 5150 mAh,  Sạc 66 W
    ","
                
    
            
            5
    

                • Đã bán 62
                

    
        
        So sánh
    

        "
333281,Điện thoại realme Note 60x 4GB/64GB,2990000.0,realme,Điện thoại,https://cdn.tgdd.vn/Products/Images/42/333281/TimerThumb/realme-note-60x-4gb-(2).jpg,"
                        HD+
                        6.74""
            ","
            Chip Unisoc Tiger T612
            RAM: 4 GB
            Dung lượng: 64 GB
            Camera sau: 8 MP
            Camera trước: 5 MP
            Pin 5000 mAh,  Sạc 10 W
    ","
                
    
            
            5
    

                • Đã bán 3k
                

    
        
        So sánh
    

        "
327975,Điện thoại realme C61 4GB/128GB,3290000.0,realme,Điện thoại,https://cdn.tgdd.vn/Products/Images/42/327975/realme-c61-gold-thumb-600x600.jpg,"
                        HD+
                        6.745 ""
            ","
            Chip Unisoc Tiger T612
            RAM: 4 GB
            Dung lượng: 128 GB
            Camera sau: Chính 50 MP & Cảm biến Flicker
            Camera trước: 5 MP
            Pin 5000 mAh,  Sạc 15 W
    ","
                
    
            
            5
    

                • Đã bán 105
                

    
        
        So sánh
    

        "
302953,Điện thoại OPPO Find N3 5G 16GB/512GB,38990000.0,OPPO,Điện thoại,https://cdn.tgdd.vn/Products/Images/42/302953/oppo-find-n3-thumb-600x600.jpg,"
                        Quad HD+ (2K+)
                        Chính 7.82"" & Phụ 6.31""
            ","
            Chip Snapdragon 8 Gen 2 8 nhân
            RAM: 16 GB
            Dung lượng: 512 GB
            Camera sau: Chính 48 MP & Phụ 48 MP, 64 MP
            Camera trước: Trong: 20 MP & Ngoài: 32 MP
            Pin 4805 mAh,  Sạc 67 W
    ","
                
    
            
            5
    

                • Đã bán 374
                

    
        
        So sánh
    

        "
311354,Điện thoại OPPO A58 8GB/128GB,4990000.0,OPPO,Điện thoại,https://cdn.tgdd.vn/Products/Images/42/311354/oppo-a58-4g-green-thumb-600x600.jpg,"
                        Full HD+
                        6.72""
            ","
            Chip MediaTek Helio G85
            RAM: 8 GB
            Dung lượng: 128 GB
            Camera sau: Chính 50 MP & Phụ 2 MP
            Camera trước: 8 MP
            Pin 5000 mAh,  Sạc 33 W
    ","
                
    
            
            4.9
    

                • Đã bán 123,5k
                

    
        
        So sánh
    

        "
328399,Điện thoại Itel it2600,490000.0,Itel,Điện thoại,https://cdn.tgdd.vn/Products/Images/42/328399/itel-it2600-blue-thumb-1-600x600.jpg,"
                        QVGA
                        2""
            ","
            Màn hình 2""
            2 Micro SIM, Hỗ trợ 4G
            Thẻ nhớ MicroSD, hỗ trợ tối đa 64 GB
            Pin 1000 mAh
    ","
                
    
            
            4.9
    

                • Đã bán 9,2k
                

    
        
        So sánh
    

        "
334864,Điện thoại iPhone 16e 128GB,16990000.0,iPhone (Apple),Điện thoại,https://cdn.tgdd.vn/Products/Images/42/334864/iphone-16e-thumb-600x600.jpg,"
                        6.1""
            ","
            Chip Apple A18 6 nhân
            RAM: 8 GB
            Dung lượng: 128 GB
            Camera sau: 48 MP
            Camera trước: 12 MP
            Pin 26 giờ,  Sạc 20 W
    ","
            
                

    
        
        So sánh
    

        "
334969,Điện thoại Tecno Spark 30 8GB/128GB,3890000.0,Tecno,Điện thoại,https://cdnv2.tgdd.vn/mwg-static/tgdd/Products/Images/42/334969/tecno-spark-30-white-thumb-638761785148564781-600x600.jpg,"
                        Full HD+
                        6.78""
            ","
            Chip MediaTek Helio G91 Ultra 8 nhân
            RAM: 8 GB
            Dung lượng: 128 GB
            Camera sau: Chính 64 MP & Phụ 2 MP
            Camera trước: 13 MP
            Pin 5000 mAh,  Sạc 18 W
    ","
            
                

    
        
        So sánh
    

        "
334970,Điện thoại Tecno Spark 30C 6GB/128B,3290000.0,Tecno,Điện thoại,https://cdnv2.tgdd.vn/mwg-static/tgdd/Products/Images/42/334970/tecno-spark-30c-xanh-thumb-638761830142400342-600x600.jpg,"
                        HD+
                        6.67""
            ","
            Chip MediaTek Helio G81 8 nhân
            RAM: 6 GB
            Dung lượng: 128 GB
            Camera sau: 48 MP
            Camera trước: 8 MP
            Pin 5000 mAh,  Sạc 18 W
    ","
            
                

    
        
        So sánh
    

        "
320337,Điện thoại Xiaomi 15 5G 12GB/256GB,24990000.0,Xiaomi,Điện thoại,https://cdn.tgdd.vn/Products/Images/42/320337/xiaomi-15-black-thumb-600x600.jpg,"
                        Quad HD+ (2K+)
                        6.36""
            ","
            Chip Qualcomm Snapdragon 8 Elite 8 nhân
            RAM: 12 GB
            Dung lượng: 256 GB
            Camera sau: 3 camera 50 MP
            Camera trước: 32 MP
            Pin 5240 mAh,  Sạc 90 W
    ","
            
                

    
        
        So sánh
    

        "
334844,Điện thoại Xiaomi 15 Ultra 5G 16GB/512GB Trắng,34990000.0,Xiaomi,Điện thoại,https://cdn.tgdd.vn/Products/Images/42/334844/xiaomi-15-ultra-white-thumb-600x600.jpg,"
                        Quad HD+ (2K+)
                        6.73""
            ","
            Chip Qualcomm Snapdragon 8 Elite 8 nhân
            RAM: 16 GB
            Dung lượng: 512 GB
            Camera sau: Chính 50 MP & Phụ 200 MP, 50 MP, 50 MP
            Camera trước: 32 MP
            Pin 5410 mAh,  Sạc 90 W
    ","
            
                

    
        
        So sánh
    

        "
335174,Điện thoại Samsung Galaxy A36 5G 8GB/256GB,9290000.0,Samsung,Điện thoại,https://cdn.tgdd.vn/Products/Images/42/335174/samsung-galaxy-a36-5g-black-thumb-600x600.jpg,"
                        Full HD+
                        6.7""
            ","
            Chip Snapdragon 6 Gen 3 8 nhân
            RAM: 8 GB
            Dung lượng: 256 GB
            Camera sau: Chính 50 MP & Phụ 8 MP, 5 MP
            Camera trước: 12 MP
            Pin 5000 mAh,  Sạc 45 W
    ","
            
                

    
        
        So sánh
    

        "
335177,Điện thoại Samsung Galaxy A56 5G 8GB/128GB,9990000.0,Samsung,Điện thoại,https://cdn.tgdd.vn/Products/Images/42/335177/samsung-galaxy-a56-5g-xanh-thumb-600x600.jpg,"
                        Full HD+
                        6.7""
            ","
            Chip Exynos 1580 8 nhân
            RAM: 8 GB
            Dung lượng: 128 GB
            Camera sau: Chính 50 MP & Phụ 12 MP, 5 MP
            Camera trước: 12 MP
            Pin 5000 mAh,  Sạc 45 W
    ","
            
                

    
        
        So sánh
    

        "
